<?xml version="1.0" encoding="UTF-8"?>
<config xmlns="http://www.knime.org/2008/09/XMLConfig" xmlns:xsi="http://www.w3.org/2001/XMLSchema-instance" xsi:schemaLocation="http://www.knime.org/2008/09/XMLConfig http://www.knime.org/XMLConfig_2008_09.xsd" key="settings.xml">
<entry key="name" type="xstring" value="External Tool"/>
<config key="model">
<entry key="Inputfile name" type="xstring" value="/Users/daniel/Dropbox/projects/smPredict/KNIME/output/external_tool_input.smi"/>
<entry key="Output filename" type="xstring" value="/Users/daniel/Dropbox/projects/smPredict/KNIME/output/external_tool_output.csv"/>
<entry key="PathToExtExec" type="xstring" value="/Users/daniel/Dropbox/projects/smPredict/KNIME/smPredict.sh"/>
<entry key="ExtExecWorkDir" type="xstring" value="/Users/daniel/Dropbox/projects/smPredict/KNIME/output"/>
<entry key="ExtExecArgs" type="xstring" value=""/>
<entry key="Inputfile separator" type="xstring" value=","/>
<entry key="Outputfile separator" type="xstring" value=","/>
<entry key="IncludeColHdr" type="xboolean" value="false"/>
<entry key="IncludeRowHdr" type="xboolean" value="false"/>
<entry key="ContainsColHdr" type="xboolean" value="true"/>
<entry key="ContainsRowHdr" type="xboolean" value="false"/>
</config>
<entry key="hasContent" type="xboolean" value="true"/>
<entry key="isInactive" type="xboolean" value="false"/>
<config key="ports">
<config key="port_1">
<entry key="index" type="xint" value="1"/>
<entry key="port_spec_class" type="xstring" value="org.knime.core.data.DataTableSpec"/>
<entry key="port_object_class" type="xstring" value="org.knime.core.node.BufferedDataTable"/>
<entry key="port_object_summary" type="xstring" value="Rows: 10, Cols: 2"/>
<entry key="port_dir_location" type="xstring" value="port_1"/>
</config>
</config>
</config>
